M130000142,東京都文京区根津2-23-5　ホーミリアム201,03-3828-7253
M130000144,東京都文京区根津2-23-5　ホーミリアム202,03-3828-7253
M130000145,東京都文京区根津2-23-5　ホーミリアム301,03-3828-7253
M130000438,東京都文京区本郷1-25-8,090-3902-2941
M130000439,東京都文京区大塚4-6-3,090-1508-9948
M130000442,東京都文京区本郷6-2-1,050-5319-7685
M130000627,東京都文京区千駄木3-44-10,080-3507-3210
M130000505,東京都文京区本駒込5-51-5-101,090-8856-5019
M130000506,東京都文京区本駒込5-51-5-102,090-8856-5019
M130000508,東京都文京区本駒込5-51-5-302,090-8856-5019
M130000509,東京都文京区本駒込5-51-5-402,090-8856-5019
M130000510,東京都文京区本駒込5-51-5-501,090-8856-5019
M130000839,東京都文京区目白台3-25-14　レセーナ新栄401,090-3315-6746
M130001375,東京都文京区小日向1-20-12,03-6874-1802
M130001359,東京都文京区千駄木3-44-10,090-9800-6858
M130001465,東京都文京区湯島3-2-4　湯島コーポ伊藤201,090-5292-1355
M130001469,東京都文京区湯島3-2-4　湯島コーポ伊藤202,090-5292-1355
M130001916,東京都文京区湯島2-33-9ミツオ湯島ビル501,090-8021-0111
M130002660,東京都文京区小石川5-38-4,090-4007-0190
M130003050,東京都文京区本駒込5-33-1コーポ高木602,090-3060-4199
M130003562,東京都文京区水道2-10-18,03-3941-8195
M130004121,東京都文京区湯島3-39-2,03-6883-5135
M130004169,東京都文京区向丘2-34-3,080-1139-3211
M130004730,東京都文京区千駄木4-1-21アレックス千駄木304,080-3564-0183
M130004747,東京都文京区千駄木4-1-21アレックス千駄木402,080-3564-0183
M130004751,東京都文京区千駄木4-1-21アレックス千駄木403,080-3564-0183
M130004754,東京都文京区千駄木4-1-21アレックス千駄木601,080-3564-0183
M130004756,東京都文京区千駄木4-1-21アレックス千駄木605,080-3564-0183
M130004757,東京都文京区千駄木4-1-21アレックス千駄木702,080-3564-0183
M130004758,東京都文京区千駄木4-1-21アレックス千駄木701,080-3564-0183
M130004763,東京都文京区千駄木4-1-21アレックス千駄木606,080-3564-0183
M130004760,東京都文京区千駄木4-1-21アレックス千駄木703,080-3564-0183
M130004765,東京都文京区千駄木4-1-21アレックス千駄木705,080-3564-0183
M130004766,東京都文京区千駄木4-1-21アレックス千駄木706,080-3564-0183
M130004768,東京都文京区千駄木4-1-21アレックス千駄木903,080-3564-0183
M130004770,東京都文京区千駄木4-1-21アレックス千駄木904,080-3564-0183
M130004771,東京都文京区千駄木4-1-21アレックス千駄木906,080-3564-0183
M130004772,東京都文京区千駄木4-1-21アレックス千駄木1003,080-3564-0183
M130005026,東京都文京区根津2-14-10日興パレス文京プラザ102,050-6862-0827
M130005124,東京都文京区湯島3-31-3飯村ビル7階・8階,090-8050-8999
M130005236,東京都文京区湯島3-28-1エリートイン湯島303,03-3836-0010
M130005237,東京都文京区湯島3-28-1エリートイン湯島302,03-3836-0010
M130005238,東京都文京区湯島3-28-1エリートイン湯島502,03-3836-0010
M130005239,東京都文京区湯島3-17-11エリートインエグゼクティブ701,03-3836-0010
M130005240,東京都文京区湯島3-17-11エリートインエグゼクティブ702,03-3836-0010
M130005669,東京都文京区根津2-23-2フレグランスハタ102,03-3362-0658
M130005672,東京都文京区根津2-23-2フレグランスハタ202,03-3362-0658
M130005675,東京都文京区根津2-23-2フレグランスハタ201,03-3362-0658
M130006097,東京都文京区根津2-26-7,03-3821-6026
M130006497,東京都文京区本駒込5-55-3ピカインビル,080-4166-6228
M130007029,東京都文京区大塚5-24-1　2階,090-3100-7634
M130007043,東京都文京区大塚5-24-1　3階,090-3100-7634
M130007044,東京都文京区大塚5-24-1　1階,090-3100-7634
M130007624,東京都文京区湯島2-33-9ミツオ湯島ビル601,090-9685-7988
M130007472,東京都文京区音羽1-17-15グランドネス音羽　3階,090-2423-2346
M130007604,東京都文京区千駄木3-46-9コーポラス千駄木404,080-7848-7130
M130007677,東京都文京区白山5-7-18,090-8805-8344
M130007833,東京都文京区千駄木3-46-9　コーポラス千駄木302,050-3698-6868
M130008311,東京都文京区本駒込4-35-23神明町ビル101,090-1838-0089
M130008307,東京都文京区白山1-32-7吉本ビル301,03-5338-9339
M130008455,東京都文京区本駒込5-45-2,technologies株式会社
M130009222,東京都文京区千駄木4-1-21アレックス千駄木405,080-3564-0183
M130009223,東京都文京区千駄木4-1-21アレックス千駄木506,080-3564-0183
M130010656,東京都文京区大塚5-8-6,technologies株式会社
M130011263,東京都文京区本駒込2-10-2千石駅前ビル401,090-1571-5980
M130011355,東京都文京区千駄木3-44-11　1階,080-3364-5055
M130011356,東京都文京区千駄木3-44-11　2階,080-3364-5055
M130011287,東京都文京区白山1-32-7吉本ビル601,03-5338-9339
M130011569,東京都文京区湯島3-36-8クリエ湯島301,050-5338-1745
