M130000258,東京都江東区北砂6-11-2,03-6666-5511
M130004587,東京都江東区亀戸5-44-7,080-1289-4646
M130004738,東京都江東区大島2-17-2,090-2909-1919
M130006281,東京都江東区辰巳3-17-5,090-9600-2760
M130006644,東京都江東区森下4-16-13-201,080-4734-0904
M130006659,東京都江東区森下4-16-13-202,080-4734-0904
M130006660,東京都江東区森下4-16-13-301,080-4734-0904
M130006661,東京都江東区森下4-16-13-302,080-4734-0904
M130006663,東京都江東区森下4-16-13-401,080-4734-0904
M130006665,東京都江東区森下4-16-13-402,080-4734-0904
M130006666,東京都江東区森下4-16-13-501,080-4734-0904
M130007401,東京都江東区潮見2-9-16-410,050-3718-9661
M130007402,東京都江東区潮見2-9-16-701,050-3718-9661
M130007403,東京都江東区潮見2-9-16-702,050-3718-9661
M130007404,東京都江東区潮見2-9-16-703,050-3718-9661
M130007405,東京都江東区潮見2-9-16-705,050-3718-9661
M130007970,東京都江東区大島5-25-4,080-4010-6869
M130008280,東京都江東区潮見2-9-16-704,050-3718-9661
M130008686,東京都江東区大島4-7-5,モンテローザ・Ｋ301,03-3221-7188
M130008687,東京都江東区大島4-7-5,モンテローザ・Ｋ302,03-3221-7188
M130008688,東京都江東区大島4-7-5,モンテローザ・Ｋ303,03-3221-7188
M130009932,東京都江東区白河3-1-3,THREE101･102,03-5787-8138
