M130003768,上原 2 33 2 上原キャビンハウス
M130005164,上原 3 2 2 2f
M130002192,上原 3 36 8
M130002033,上原 3 38 7 坂本方
M130007802,鶯谷町 7 14 A 101
M130007806,鶯谷町 7 14 A 102
M130007807,鶯谷町 7 14 A 103
M130007809,鶯谷町 7 14 A 105
M130007812,鶯谷町 7 14 A 201
M130007813,鶯谷町 7 14 A 202
M130007816,鶯谷町 7 14 A 203
M130007818,鶯谷町 7 14 A 205
M130009905,鶯谷町 17 12
M130004281,宇田川町 42 12 ＳＡＬＯＮ渋谷201
M130004287,宇田川町 42 12 ＳＡＬＯＮ渋谷202
M130004295,宇田川町 42 12 ＳＡＬＯＮ渋谷301
M130004298,宇田川町 42 12 ＳＡＬＯＮ渋谷302
M130004304,宇田川町 42 12 ＳＡＬＯＮ渋谷401
M130004306,宇田川町 42 12 ＳＡＬＯＮ渋谷403
M130004307,宇田川町 42 12 ＳＡＬＯＮ渋谷501
M130004309,宇田川町 42 12 ＳＡＬＯＮ渋谷502
M130000962,恵比寿 2 7 7
M130009814,恵比寿 2 10 1 ヴァンベールコート恵比寿 203
M130001637,恵比寿 2 13 15
M130000599,恵比寿 2 17 21 エバーアイランド201
M130003475,恵比寿 2 23 7 ドルチェビータ広尾 A
M130003477,恵比寿 2 23 7 ドルチェビータ広尾 B
M130003478,恵比寿 2 23 7 ドルチェビータ広尾 C
M130003474,恵比寿 2 23 9
M130004094,恵比寿 2 32 21
M130004096,恵比寿 2 32 21
M130002336,恵比寿 3 1 4 モンシャトー恵比寿４F/5F
M130006050,恵比寿 3 19 6 ソフィアコート恵比寿101 102
M130006053,恵比寿 3 19 6 ソフィアコート恵比寿201
M130006279,恵比寿 4 10 15 東グリーンハイツ302
M130000546,恵比寿 4 11 2 Alan　House
M130003458,恵比寿 4 11 5
M130000545,恵比寿西 1 4 1 福隆ビル６F
M130006287,恵比寿西 1 26 6
M130002685,恵比寿南 1 2 12 ブラウン・ヴェセル501
M130003057,神山町 9 17 セブンスターハイツ神山町207
M130004495,神山町 13 2 小
M130004501,神山町 13 2 大
M130008220,神山町 27 9 グランデュオ松濤501
M130005524,神山町 30 7 奥渋レジデンス101
M130000169,神山町 30 7 奥渋レジデンス105
M130000170,神山町 30 7 奥渋レジデンス201
M130005399,桜丘町 5 2 ル ガルデニア401
M130003506,桜丘町 7 2 ラコリーヌ渋谷300
M130003497,桜丘町 7 2 ラコリーヌ渋谷400
M130003507,桜丘町 7 2 ラコリーヌ渋谷500
M130007211,桜丘町 11 9 桜ヶ丘セントラルハイツ202
M130003488,桜丘町 15 8 桜丘ビリジアン101
M130003480,笹塚 1 13 4 フレール橘301
M130005834,笹塚 1 26 4 Ｊ＆Ｊハウス101
M130005835,笹塚 1 26 4 Ｊ＆Ｊハウス102
M130005836,笹塚 1 26 4 Ｊ＆Ｊハウス201
M130005837,笹塚 1 26 4 Ｊ＆Ｊハウス202
M130005838,笹塚 1 26 4 Ｊ＆Ｊハウス203
M130005840,笹塚 1 26 4 Ｊ＆Ｊハウス204
M130005841,笹塚 1 26 4 Ｊ＆Ｊハウス301
M130005842,笹塚 1 26 4 Ｊ＆Ｊハウス302
M130005844,笹塚 1 26 4 Ｊ＆Ｊハウス303
M130005846,笹塚 1 26 4 Ｊ＆Ｊハウス401
M130007951,笹塚 1 28 1 Ｌｕｃｉｄａ笹塚 101
M130007950,笹塚 1 28 1 Ｌｕｃｉｄａ笹塚 202
M130002005,笹塚 2 2 3 ｴｳﾞｧｰｸﾞﾘｰﾝ笹塚201
M130002007,笹塚 2 2 3 ｴｳﾞｧｰｸﾞﾘｰﾝ笹塚202
M130001995,笹塚 2 2 3 ｴｳﾞｧｰｸﾞﾘｰﾝ笹塚301
M130002010,笹塚 2 2 3 ｴｳﾞｧｰｸﾞﾘｰﾝ笹塚302
M130002015,笹塚 2 2 3 ｴｳﾞｧｰｸﾞﾘｰﾝ笹塚303
M130008219,笹塚 3 11 1 メゾンドミナⅡ
M130005279,笹塚 3 46 7 １Ｆ
M130006322,渋谷 2 3 19 メインステージ青山102
M130004731,渋谷 3 6 15 シャルマン渋谷101
M130004733,渋谷 3 6 15 シャルマン渋谷201
M130004722,渋谷 3 6 15 シャルマン渋谷301
M130003794,松濤 1 28 14 アルス渋谷松涛ウィルアージュ101
M130003795,松濤 1 28 14 アルス渋谷松涛ウィルアージュ102
M130003796,松濤 1 28 14 アルス渋谷松涛ウィルアージュ103
M130010863,松濤 1 28 14 アルス渋谷松涛ウィルアージュ201
M130003797,松濤 1 28 14 アルス渋谷松涛ウィルアージュ203
M130003798,松濤 1 28 14 アルス渋谷松涛ウィルアージュ302
M130003799,松濤 1 28 14 アルス渋谷松涛ウィルアージュ303
M130003800,松濤 1 28 14 アルス渋谷松涛ウィルアージュ401
M130003801,松濤 1 28 14 アルス渋谷松涛ウィルアージュ402
M130003802,松濤 1 28 14 アルス渋谷松涛ウィルアージュ404
M130010109,神宮前 2 18 7 フードビル 5F
M130001206,神宮前 2 18 14 ビバリー原宿A
M130001208,神宮前 2 18 14 ビバリー原宿B
M130001209,神宮前 2 18 14 ビバリー原宿C
M130001210,神宮前 2 18 14 ビバリー原宿D
M130001212,神宮前 2 18 14 ビバリー原宿E
M130001213,神宮前 2 18 14 ビバリー原宿F
M130001215,神宮前 2 18 14 ビバリー原宿G
M130001216,神宮前 2 18 14 ビバリー原宿H
M130008089,神宮前 2 30 8 エイティ神宮前 501
M130006292,神宮前 2 30 8 エイティ神宮前305
M130006293,神宮前 2 30 8 エイティ神宮前405
M130009693,神宮前 3 1 29 オークウッドレジデンス青山5102
M130009696,神宮前 3 1 29 オークウッドレジデンス青山5103
M130009697,神宮前 3 1 29 オークウッドレジデンス青山5302
M130009700,神宮前 3 1 29 オークウッドレジデンス青山5402
M130009702,神宮前 3 1 29 オークウッドレジデンス青山5403
M130009703,神宮前 3 1 29 オークウッドレジデンス青山5501
M130009704,神宮前 3 1 29 オークウッドレジデンス青山5502
M130000207,神宮前 3 4 8 エルム青山4F
M130001053,神宮前 3 6 5 ヴィラッジオ神宮前A
M130001050,神宮前 3 6 5 ヴィラッジオ神宮前B
M130001048,神宮前 3 6 5 ヴィラッジオ神宮前D
M130001045,神宮前 3 6 5 ヴィラッジオ神宮前F
M130001385,神宮前 3 17 6
M130010588,神宮前 3 31 2 神宮前３丁目ビル 3F
M130010589,神宮前 3 31 2 神宮前３丁目ビル 4F
M130010590,神宮前 3 31 2 神宮前３丁目ビル 5F
M130002582,神宮前 4 8 6
M130000960,神宮前 4 15 3
M130001221,神宮前 4 17 13 スマイルシェアA
M130001222,神宮前 4 17 13 スマイルシェアB
M130001223,神宮前 4 17 13 スマイルシェアC
M130000542,神宮前 5 17 4 神宮前トーラス501
M130000544,神宮前 5 17 4 神宮前トーラス502
M130000218,神宮前 5 45 2
M130004769,神泉町 7 19
M130005830,神泉町 8 10 メゾン神泉310
M130000342,神泉町 8 13 アーガス霜田ビル301
M130000341,神泉町 8 13 アーガス霜田ビル302
M130000340,神泉町 8 13 アーガス霜田ビル401
M130000339,神泉町 8 13 アーガス霜田ビル402
M130001651,神泉町 22 7 菱和パレス渋谷西601
M130003274,神泉町 22 7 菱和パレス渋谷西901
M130005005,神南 1 8 10 ビュロー渋谷101
M130005009,神南 1 8 10 ビュロー渋谷201
M130005011,神南 1 8 10 ビュロー渋谷204
M130005013,神南 1 8 10 ビュロー渋谷301
M130005014,神南 1 8 10 ビュロー渋谷304
M130005016,神南 1 8 10 ビュロー渋谷401
M130005017,神南 1 8 10 ビュロー渋谷404
M130005019,神南 1 8 10 ビュロー渋谷501
M130006082,神南 1 8 18 クオリア神南フラッツ1308
M130010091,神南 1 11 5 ダイネス壱番館渋谷 1007
M130008589,神南 1 11 5 ダイネス壱番館渋谷405
M130001670,神南 1 11 5 ダイネス壱番館渋谷609
M130001669,神南 1 11 5 ダイネス壱番館渋谷707
M130001665,神南 1 11 5 ダイネス壱番館渋谷709
M130001660,神南 1 11 5 ダイネス壱番館渋谷802
M130004773,千駄ヶ谷 2 34 10 下
M130004774,千駄ヶ谷 2 34 10 上
M130007885,千駄ヶ谷 2 36 5 カサ・チキーヤ 201
M130007887,千駄ヶ谷 2 36 5 カサ・チキーヤ 501
M130009047,千駄ヶ谷 2 37 8 五月女ビル 503
M130009528,千駄ヶ谷 3 16 12 メロディア原宿 104
M130009534,千駄ヶ谷 3 35 6
M130000966,千駄ヶ谷 3 36 2 アトラス原宿２階
M130006288,千駄ヶ谷 3 36 2 アトラス原宿３階
M130008303,千駄ヶ谷 3 37 6 テラス千駄ヶ谷 203
M130006611,千駄ヶ谷 5 3 9 イトウハイム 202
M130006612,千駄ヶ谷 5 3 9 イトウハイム 203
M130006610,千駄ヶ谷 5 3 9 イトウハイム201
M130006613,千駄ヶ谷 5 3 9 イトウハイム204
M130009388,千駄ヶ谷 5 17 18 オリエンタル千駄ヶ谷 503
M130008708,千駄ヶ谷 5 19 3 ＡＰＬＩ８５ 102
M130008710,千駄ヶ谷 5 19 3 ＡＰＬＩ８５ 201
M130008709,千駄ヶ谷 5 19 3 ＡＰＬＩ８５ 202
M130008711,千駄ヶ谷 5 19 3 ＡＰＬＩ８５ 301
M130008712,千駄ヶ谷 5 19 3 ＡＰＬＩ８５ 302
M130011167,道玄坂 1 19 5 道玄坂アパートメント 202
M130011150,道玄坂 1 22 1 ＳＨＩＢＵＹＡ　ＨＩＬＬ　ＴＯＰ 201
M130011154,道玄坂 1 22 1 ＳＨＩＢＵＹＡ　ＨＩＬＬ　ＴＯＰ 202
M130011159,道玄坂 1 22 1 ＳＨＩＢＵＹＡ　ＨＩＬＬ　ＴＯＰ 301
M130011162,道玄坂 1 22 1 ＳＨＩＢＵＹＡ　ＨＩＬＬ　ＴＯＰ 302
M130008313,道玄坂 1 22 1 ＳＨＩＢＵＹＡＨＩＬＬＴＯＰ 101
M130006414,道玄坂 2 18 7 ヴィラフルーデリー303
M130006413,道玄坂 2 18 7 ヴィラフルーデリー402
M130009955,道玄坂 2 19 3 ライオンズマンション道玄坂 505
M130009895,道玄坂 2 19 3 ライオンズマンション道玄坂 509
M130009952,道玄坂 2 19 3 ライオンズマンション道玄坂 804
M130003461,道玄坂 2 19 3 ライオンズマンション道玄坂207
M130006859,道玄坂 2 19 3 ライオンズマンション道玄坂307
M130004111,道玄坂 2 19 3 ライオンズマンション道玄坂401
M130009365,道玄坂 2 19 3 ライオンズマンション道玄坂416
M130009641,道玄坂 2 19 3 ライオンズマンション道玄坂516
M130006862,道玄坂 2 19 3 ライオンズマンション道玄坂702
M130006861,道玄坂 2 19 3 ライオンズマンション道玄坂704
M130009639,道玄坂 2 19 6 スクエア渋谷 304
M130009049,道玄坂 2 19 6 スクエア渋谷 308
M130007948,道玄坂 2 19 6 スクエア渋谷 312
M130008003,道玄坂 2 19 6 スクエア渋谷 607
M130010092,道玄坂 2 19 6 スクエア渋谷 801
M130009670,道玄坂 2 19 6 スクエア渋谷 902
M130007949,道玄坂 2 19 6 スクエア渋谷 903
M130003460,道玄坂 2 19 6 スクエア渋谷1001
M130003791,道玄坂 2 19 6 スクエア渋谷1003
M130005073,道玄坂 2 19 6 スクエア渋谷1004
M130005130,道玄坂 2 19 6 スクエア渋谷1005
M130010106,道玄坂 2 19 6 スクエア渋谷1009
M130001685,道玄坂 2 19 6 スクエア渋谷1010
M130005131,道玄坂 2 19 6 スクエア渋谷1011
M130005472,道玄坂 2 19 6 スクエア渋谷1103
M130001989,道玄坂 2 19 6 スクエア渋谷1104
M130002209,道玄坂 2 19 6 スクエア渋谷1106
M130008757,道玄坂 2 19 6 スクエア渋谷1201
M130005470,道玄坂 2 19 6 スクエア渋谷1203
M130003489,道玄坂 2 19 6 スクエア渋谷1206
M130006419,道玄坂 2 19 6 スクエア渋谷1303
M130005071,道玄坂 2 19 6 スクエア渋谷1304
M130007709,道玄坂 2 19 6 スクエア渋谷302
M130004528,道玄坂 2 19 6 スクエア渋谷306
M130005051,道玄坂 2 19 6 スクエア渋谷307
M130004683,道玄坂 2 19 6 スクエア渋谷310
M130003649,道玄坂 2 19 6 スクエア渋谷311
M130005053,道玄坂 2 19 6 スクエア渋谷401
M130007385,道玄坂 2 19 6 スクエア渋谷407
M130004537,道玄坂 2 19 6 スクエア渋谷409
M130003364,道玄坂 2 19 6 スクエア渋谷410
M130010100,道玄坂 2 19 6 スクエア渋谷411
M130005128,道玄坂 2 19 6 スクエア渋谷501
M130001994,道玄坂 2 19 6 スクエア渋谷506
M130003363,道玄坂 2 19 6 スクエア渋谷512
M130003654,道玄坂 2 19 6 スクエア渋谷604
M130003203,道玄坂 2 19 6 スクエア渋谷608
M130003366,道玄坂 2 19 6 スクエア渋谷609
M130010107,道玄坂 2 19 6 スクエア渋谷612
M130001696,道玄坂 2 19 6 スクエア渋谷701
M130005054,道玄坂 2 19 6 スクエア渋谷702
M130005056,道玄坂 2 19 6 スクエア渋谷703
M130001702,道玄坂 2 19 6 スクエア渋谷705
M130003673,道玄坂 2 19 6 スクエア渋谷706
M130003365,道玄坂 2 19 6 スクエア渋谷707
M130003496,道玄坂 2 19 6 スクエア渋谷709
M130003674,道玄坂 2 19 6 スクエア渋谷803
M130001992,道玄坂 2 19 6 スクエア渋谷804
M130005058,道玄坂 2 19 6 スクエア渋谷806
M130010860,道玄坂 2 19 6 スクエア渋谷807
M130005060,道玄坂 2 19 6 スクエア渋谷808
M130010103,道玄坂 2 19 6 スクエア渋谷809
M130003675,道玄坂 2 19 6 スクエア渋谷810
M130002426,道玄坂 2 19 6 スクエア渋谷811
M130005129,道玄坂 2 19 6 スクエア渋谷812
M130001703,道玄坂 2 19 6 スクエア渋谷901
M130010859,道玄坂 2 19 6 スクエア渋谷904
M130006043,道玄坂 2 19 6 スクエア渋谷905
M130002206,道玄坂 2 19 6 スクエア渋谷906
M130006178,道玄坂 2 19 6 スクエア渋谷907
M130010296,道玄坂 2 19 6 スクエア渋谷908
M130010298,道玄坂 2 19 6 スクエア渋谷909
M130001706,道玄坂 2 19 6 スクエア渋谷911
M130005061,道玄坂 2 19 6 スクエア渋谷912
M130008091,道玄坂 2 20 26 藤和エクシール 904
M130011491,道玄坂 2 20 26 藤和エクシール道玄坂 604
M130000446,道玄坂 2 20 26 藤和エクシール道玄坂211
M130005565,道玄坂 2 20 26 藤和エクシール道玄坂301
M130002585,道玄坂 2 20 26 藤和エクシール道玄坂303
M130009048,道玄坂 2 20 26 藤和エクシール道玄坂804
M130007660,道玄坂 2 20 26 藤和エクシール道玄坂905
M130000592,道玄坂 2 26 5 ひまわりビル301
M130000593,道玄坂 2 26 5 ひまわりビル302
M130000594,道玄坂 2 26 5 ひまわりビル303
M130000595,道玄坂 2 26 5 ひまわりビル401
M130000596,道玄坂 2 26 5 ひまわりビル403
M130007391,富ヶ谷 1 52 10 ハーモニーハウス代々木公園４階
M130005397,富ヶ谷 2 14 6 伸和ビル401
M130005396,富ヶ谷 2 14 6 伸和ビル402
M130005963,南平台 3 15 ドミール南平台202
M130002941,西原 1 3 12 1Ｆ
M130002942,西原 1 3 12 2Ｆ
M130008305,西原 1 26 4
M130004212,西原 1 29 3 ドエルアーバン2B
M130008223,西原 1 29 3 ドエルアーバン4B
M130004203,西原 1 29 3 ドエルアーバン6A
M130004205,西原 1 29 3 ドエルアーバン6B
M130004206,西原 1 29 3 ドエルアーバン6C
M130004207,西原 1 29 3 ドエルアーバン6D
M130004208,西原 1 29 3 ドエルアーバン7A
M130004209,西原 1 29 3 ドエルアーバン7B
M130004210,西原 1 29 3 ドエルアーバン7C
M130004211,西原 1 29 3 ドエルアーバン7D
M130007393,西原 1 35 7 ソアール大石 1F
M130007392,西原 1 35 7 ソアール大石 202
M130003456,西原 3 43 5 メゾンド・仙 205
M130008378,幡ヶ谷 2 1 15 幡ヶ谷ハイム 302
M130004508,幡ヶ谷 2 1 15 幡ヶ谷ハイム402
M130000185,幡ヶ谷 2 2 5 カーム幡ヶ谷102
M130000186,幡ヶ谷 2 2 5 カーム幡ヶ谷104
M130000184,幡ヶ谷 2 2 5 カーム幡ヶ谷105
M130000183,幡ヶ谷 2 2 5 カーム幡ヶ谷201
M130000191,幡ヶ谷 2 2 5 カーム幡ヶ谷202
M130000190,幡ヶ谷 2 2 5 カーム幡ヶ谷205
M130000189,幡ヶ谷 2 2 5 カーム幡ヶ谷301
M130000182,幡ヶ谷 2 2 5 カーム幡ヶ谷302
M130000188,幡ヶ谷 2 2 5 カーム幡ヶ谷305
M130000187,幡ヶ谷 2 2 5 カーム幡ヶ谷503
M130002343,幡ヶ谷 2 15 9 カンタータヴィレッジA
M130002350,幡ヶ谷 2 15 9 カンタータヴィレッジB
M130011498,幡ヶ谷 3 2 6 2F
M130003221,幡ヶ谷 3 2 7 ベジタハウス 102
M130002439,幡ヶ谷 3 2 7 ベジタハウス 103
M130002433,幡ヶ谷 3 2 7 ベジタハウス 202
M130002430,幡ヶ谷 3 2 7 ベジタハウス 203
M130005390,幡ヶ谷 3 9 13 ノブヒル2004
M130004520,幡ヶ谷 3 18 2
M130000965,幡ヶ谷 3 23 19 ヴェルヴェーヌ幡ヶ谷E
M130004521,幡ヶ谷 3 25 5
M130001064,幡ヶ谷 3 55 13 Mahanaコート101
M130007708,幡ヶ谷 3 58 3 アズール渋谷幡ヶ谷
M130009051,幡ヶ谷 3 79 3 トレール幡ヶ谷 102
M130009052,幡ヶ谷 3 79 3 トレール幡ヶ谷 201
M130009053,幡ヶ谷 3 79 3 トレール幡ヶ谷 202
M130009054,幡ヶ谷 3 79 3 トレール幡ヶ谷 205
M130005833,初台 1 15 7 浪速荘101
M130005488,初台 1 15 7 浪速荘201
M130005485,初台 1 15 7 浪速荘202
M130005190,初台 1 18 11 エコロジースクエア初台101
M130005193,初台 1 18 11 エコロジースクエア初台102
M130005194,初台 1 18 11 エコロジースクエア初台106
M130005196,初台 1 18 11 エコロジースクエア初台107
M130005198,初台 1 18 11 エコロジースクエア初台108
M130005199,初台 1 18 11 エコロジースクエア初台109
M130005200,初台 1 18 11 エコロジースクエア初台110
M130005202,初台 1 18 11 エコロジースクエア初台201
M130005204,初台 1 18 11 エコロジースクエア初台205
M130005208,初台 1 18 11 エコロジースクエア初台207
M130005210,初台 1 18 11 エコロジースクエア初台208
M130005211,初台 1 18 11 エコロジースクエア初台209
M130005212,初台 1 18 11 エコロジースクエア初台211
M130006179,初台 1 18 11 エコロジースクエア初台212
M130010301,初台 1 18 11 エコロジースクエア初台301
M130005186,初台 1 18 12 メゾンカトウ91 102
M130005187,初台 1 18 12 メゾンカトウ91 201
M130005189,初台 1 18 12 メゾンカトウ91 202
M130002002,初台 2 15 7 メゾン・ド・オーブ
M130010099,東 1 2 3 渋谷Ｅアドレス 202
M130008611,東 1 2 3 渋谷Eアドレス101
M130005023,東 1 2 3 渋谷Ｅアドレス102
M130008612,東 1 2 3 渋谷Eアドレス106
M130004179,東 1 2 3 渋谷Eアドレス201
M130004213,東 1 2 3 渋谷Ｅアドレス205
M130009387,東 1 2 3 渋谷Ｅアドレス206
M130007945,東 1 2 3 渋谷Ｅアドレス207
M130008050,東 1 2 3 渋谷Ｅアドレス301
M130008376,東 1 2 3 渋谷Ｅアドレス302
M130009642,東 1 2 3 渋谷Ｅアドレス303
M130009386,東 1 2 3 渋谷Ｅアドレス305
M130009380,東 1 2 3 渋谷Ｅアドレス306
M130003607,東 1 2 3 渋谷Ｅアドレス401
M130009378,東 1 2 3 渋谷Ｅアドレス405
M130003487,東 1 2 3 渋谷Ｅアドレス406
M130003485,東 1 2 3 渋谷Ｅアドレス407
M130003482,東 1 2 3 渋谷Ｅアドレス501
M130003484,東 1 2 3 渋谷Ｅアドレス504
M130005928,東 1 2 3 渋谷Ｅアドレス601
M130005066,東 1 2 3 渋谷Ｅアドレス604
M130005024,東 1 2 3 渋谷Ｅアドレス702
M130007386,東 2 7 11 リモ渋谷東 1F
M130007736,東 2 11 6 1F
M130005926,東 2 20 2 Ａｎｏｎ渋谷Ｂ204
M130005929,東 2 20 2 Ａｎｏｎ渋谷Ｂ棟105
M130002697,東 2 20 2 B102
M130003202,東 2 20 2 アノン渋谷 B205
M130003061,東 2 20 2 アノン渋谷Ｂ棟202
M130002687,東 2 20 5 A101
M130002694,東 2 20 5 A102
M130002691,東 2 20 5 A203
M130004371,東 2 20 5 ＡｎｏｎＡ 204
M130005927,東 2 20 5 Ａｎｏｎ渋谷Ａ202
M130007199,東 2 20 5 ＡＮＯＮ渋谷Ｂ棟203
M130008053,東 2 20 14 タワーホームズ氷川 1001
M130001190,東 2 23 6 池田ビル302
M130001193,東 2 23 6 池田ビル501
M130007883,東 2 27 11 カーサ第二渋谷 302
M130002929,広尾 3 1 20
M130000165,広尾 3 17 4
M130000963,広尾 5 2 14
M130003789,広尾 5 2 16
M130003771,広尾 5 3 3
M130000958,広尾 5 4 20 FULU1
M130000957,広尾 5 4 20 FULU2
M130000597,広尾 5 19 1 北島デンタルヴィラ3A
M130000598,広尾 5 19 1 北島デンタルヴィラ4D
M130004110,本町 1 11 16
M130007196,本町 1 12 1 フルール初台201
M130004369,本町 1 25 1
M130001069,本町 1 51 9 シャトレ初台401
M130003433,本町 2 4 11 ルージュ
M130001000,本町 2 18 11
M130010295,本町 2 27 17 渋谷区本町 安藤邸１・２階
M130004517,本町 2 29 7
M130005025,本町 2 29 7
M130008052,本町 2 30 6 アトリラルージュ106
M130002411,本町 2 30 6 アトリラルージュ108
M130006180,本町 2 30 6 アトリラルージュ109
M130002413,本町 2 30 6 アトリラルージュ201
M130005964,本町 2 30 6 アトリラルージュ202
M130005550,本町 2 30 6 アトリラルージュ207
M130002195,本町 2 33 2 初台ワールドマンション406
M130002197,本町 2 33 2 初台ワールドマンション412
M130003423,本町 2 41 21 アトリラビビアン2 2F
M130003422,本町 2 41 21 アトリラビビアン2 C
M130003206,本町 3 11 3 ホーヨー東京レジデンス西新宿5丁目 701
M130006858,本町 3 13 3 エディフィス西新宿 101
M130009392,本町 3 13 3 エディフィス西新宿 201
M130009393,本町 3 13 3 エディフィス西新宿 303
M130009897,本町 3 13 3 エディフィス西新宿202
M130000271,本町 3 18 5 ﾗﾋﾟｽ西新宿2 101
M130000273,本町 3 18 5 ﾗﾋﾟｽ西新宿2 102
M130000274,本町 3 18 5 ﾗﾋﾟｽ西新宿2 103
M130000275,本町 3 18 5 ﾗﾋﾟｽ西新宿2 201
M130000276,本町 3 18 5 ﾗﾋﾟｽ西新宿2 202
M130000277,本町 3 18 5 ﾗﾋﾟｽ西新宿2 203
M130000278,本町 3 18 5 ﾗﾋﾟｽ西新宿2 204
M130000279,本町 3 18 5 ﾗﾋﾟｽ西新宿2 301
M130000280,本町 3 18 5 ﾗﾋﾟｽ西新宿2 302
M130000281,本町 3 18 5 ﾗﾋﾟｽ西新宿2 303
M130000283,本町 3 18 5 ﾗﾋﾟｽ西新宿2 401
M130000286,本町 3 18 5 ﾗﾋﾟｽ西新宿2 402
M130000285,本町 3 18 5 ﾗﾋﾟｽ西新宿2 403
M130007209,本町 3 20 4
M130010584,本町 3 20 5 ＫＳＫビル 301
M130004098,本町 3 20 5 KSKビル101
M130004099,本町 3 20 5 KSKビル201
M130009950,本町 3 21 1
M130010861,本町 3 21 1 スタジオ１　101
M130007889,本町 3 21 6 サニーコート 1F
M130000475,本町 3 21 6 パレスK&K202
M130000477,本町 3 21 6 パレスK&K203
M130000478,本町 3 21 6 パレスK&K205
M130000474,本町 3 21 6 パレスK&K302
M130009050,本町 3 25 7 ランデン西新宿 201
M130002395,本町 3 26 16
M130006294,本町 3 36 15
M130008824,本町 3 39 3 ＫＩビル
M130007741,本町 3 49 12 キャッスルパレス西新宿 206
M130007742,本町 3 49 12 キャッスルパレス西新宿 402
M130011486,本町 4 23 2 コーポラス宮崎 201
M130011487,本町 4 23 2 コーポラス宮崎 202
M130011489,本町 4 23 2 コーポラス宮崎 205
M130007707,本町 4 33 5
M130009906,本町 4 41 12 Ｆマンション105
M130008373,本町 4 41 12 Ｆマンション106
M130008143,本町 4 41 12 Ｆマンション109
M130006415,本町 4 41 12 Ｆマンション110
M130008661,本町 4 41 12 Ｆマンション202
M130002167,本町 4 41 12 Fマンション206
M130005564,本町 4 41 12 Fマンション207
M130005127,本町 4 41 12 Fマンション208
M130009585,本町 4 41 12 Ｆマンション209
M130006609,本町 4 41 12 Ｆマンション210
M130007389,本町 4 41 12 Ｆマンション301
M130006417,本町 4 41 12 Ｆマンション302
M130002158,本町 4 41 12 Fマンション303
M130005251,本町 4 41 12 Ｆマンション306
M130004103,本町 4 41 12 Ｆマンション307
M130004100,本町 4 41 12 Ｆマンション308
M130008142,本町 4 41 12 Ｆマンション309
M130006480,本町 4 41 12 Ｆマンション310
M130003516,本町 4 41 12 Fマンション401
M130007710,本町 4 41 12 Fマンション403
M130002935,本町 4 41 12 Ｆマンション404
M130002701,本町 4 41 12 Ｆマンション405
M130006418,本町 4 41 12 Ｆマンション407
M130008319,本町 4 41 12 Ｆマンション408
M130005852,本町 4 41 12 Fマンション409
M130008375,本町 4 41 12 Ｆマンション502
M130007197,本町 4 41 12 Ｆマンション503
M130004104,本町 4 41 12 Ｆマンション504
M130009301,本町 4 44 8
M130005087,本町 5 1 17 佐藤ハイツ202
M130005099,本町 5 1 17 佐藤ハイツ203
M130008617,本町 5 10 12 本町サンハイツ201
M130001982,本町 5 10 12 本町サンハイツ205
M130008616,本町 5 10 12 本町サンハイツ301
M130008618,本町 5 10 12 本町サンハイツ302
M130010581,本町 5 13 5 渋谷区本町５丁目貸家
M130004113,本町 5 15 4 コンフォートビル201
M130004112,本町 5 15 4 コンフォートビル301
M130004114,本町 5 15 4 コンフォートビル303
M130004523,本町 5 27 11
M130003424,本町 6 2 2 アトリラ3 1F
M130008300,本町 6 11 1 田中ビル２号館２階
M130004746,本町 6 14 1 栄和ハウス103
M130004749,本町 6 14 1 栄和ハウス201
M130004750,本町 6 14 1 栄和ハウス203
M130003277,本町 6 14 7 Ｃｈｅｌｓｅａ初台102
M130003285,本町 6 14 7 Ｃｈｅｌｓｅａ初台201
M130003286,本町 6 14 7 Ｃｈｅｌｓｅａ初台203
M130010108,本町 6 29 10 プラティーク渋谷本町 101
M130004515,本町 6 39 11
M130002427,円山町 7 1
M130007881,円山町 7 2 エディフィス渋谷 102
M130010297,円山町 7 2 エディフィス渋谷 202
M130009900,円山町 7 2 エディフィス渋谷301
M130009902,円山町 7 2 エディフィス渋谷501
M130004707,円山町 11 4 トーシンコーポ円山103
M130004708,円山町 11 4 トーシンコーポ円山203
M130004713,円山町 11 4 トーシンコーポ円山206
M130004714,円山町 11 4 トーシンコーポ円山302
M130004715,円山町 11 4 トーシンコーポ円山303
M130004716,円山町 11 4 トーシンコーポ円山305
M130004718,円山町 11 4 トーシンコーポ円山306
M130004705,円山町 11 4 トーシンコーポ円山401
M130008165,円山町 24 5 メゾンブランシュ神泉 403
M130000961,元代々木町 21 12
M130005832,代々木 1 10 7 第一夢工房ビル301
M130003463,代々木 1 10 7 第一夢工房ビル401
M130010862,代々木 1 10 8 シャトレー代々木第二501
M130008228,代々木 1 10 8 第二夢工房ビル301
M130008713,代々木 1 10 8 第二夢工房ビル401
M130009726,代々木 1 37 4 レイガーデン101
M130005406,代々木 1 43 2 ｋｕｆｕ 102
M130005403,代々木 1 43 2 ｋｕｆｕ 201
M130004525,代々木 1 54 6 ダイヤエステーツ代々木501
M130003273,代々木 1 54 6 ダイヤエステーツ代々木502
M130005161,代々木 2 16 14 ハニービービル101
M130005162,代々木 2 16 14 ハニービービル105
M130007890,代々木 3 38 11 富士見マンション 301
M130005954,代々木 3 38 11 富士見マンション201
M130005831,代々木 3 38 11 富士見マンション601
M130005400,代々木 4 17 12
M130011145,代々木 4 27 25 メゾン代々木101
M130011146,代々木 4 27 25 メゾン代々木102
M130011147,代々木 4 27 25 メゾン代々木301
M130011148,代々木 4 27 25 メゾン代々木501
M130002024,代々木 4 27 25 メゾン代々木601
M130006177,代々木 5 19 22
M130003200,代々木 5 43 5 ヒルズ代々木202
M130010596,代々木 5 56 3 １階
M130007711,代々木 5 57 11 パークビュー参宮橋１，２階
